Id,ActivityDate,TotalSteps,Calories,VeryActiveMinutes,SedentaryMinutes,Key,TotalMinutesAsleep,TotalTimeInBed
1503960366,12/4/2016,13162,1985,25,728,15039603662016-12-4,0,0
1503960366,4/13/2016,10735,1797,21,776,15039603662016-4-13,384,407
1503960366,4/14/2016,10460,1776,30,1218,15039603662016-4-14,0,0
1503960366,4/15/2016,9762,1745,29,726,15039603662016-4-15,412,442
1503960366,4/16/2016,12669,1863,36,773,15039603662016-4-16,340,367
1503960366,4/17/2016,9705,1728,38,539,15039603662016-4-17,700,712
1503960366,4/18/2016,13019,1921,42,1149,15039603662016-4-18,0,0
1503960366,4/19/2016,15506,2035,50,775,15039603662016-4-19,304,320
1503960366,4/20/2016,10544,1786,28,818,15039603662016-4-20,360,377
1503960366,4/21/2016,9819,1775,19,838,15039603662016-4-21,325,364
1503960366,4/22/2016,12764,1827,66,1217,15039603662016-4-22,0,0
1503960366,4/23/2016,14371,1949,41,732,15039603662016-4-23,361,384
1503960366,4/24/2016,10039,1788,39,709,15039603662016-4-24,430,449
1503960366,4/25/2016,15355,2013,73,814,15039603662016-4-25,277,323
1503960366,4/26/2016,13755,1970,31,833,15039603662016-4-26,245,274
1503960366,4/27/2016,18134,2159,78,1108,15039603662016-4-27,0,0
1503960366,4/28/2016,13154,1898,48,782,15039603662016-4-28,366,393
1503960366,4/29/2016,11181,1837,16,815,15039603662016-4-29,341,354
1503960366,4/30/2016,14673,1947,52,712,15039603662016-4-30,404,425
1503960366,1/5/2016,10602,1820,33,730,15039603662016-1-5,0,0
1503960366,2/5/2016,14727,2004,41,798,15039603662016-2-5,0,0
1503960366,3/5/2016,15103,1990,50,816,15039603662016-3-5,0,0
1503960366,4/5/2016,11100,1819,36,1179,15039603662016-4-5,0,0
1503960366,5/5/2016,14070,1959,45,857,15039603662016-5-5,247,264
1503960366,6/5/2016,12159,1896,24,754,15039603662016-6-5,0,0
1503960366,7/5/2016,11992,1821,37,833,15039603662016-7-5,0,0
1503960366,8/5/2016,10060,1740,44,574,15039603662016-8-5,0,0
1503960366,9/5/2016,12022,1819,46,835,15039603662016-9-5,0,0
1503960366,10/5/2016,12207,1859,46,746,15039603662016-10-5,0,0
1503960366,11/5/2016,12770,1783,36,669,15039603662016-11-5,0,0
1503960366,12/5/2016,0,0,0,1440,15039603662016-12-5,0,0
1624580081,12/4/2016,8163,1432,0,1294,16245800812016-12-4,0,0
1624580081,4/13/2016,7007,1411,0,1292,16245800812016-4-13,0,0
1624580081,4/14/2016,9107,1572,0,1204,16245800812016-4-14,0,0
1624580081,4/15/2016,1510,1344,0,1344,16245800812016-4-15,0,0
1624580081,4/16/2016,5370,1463,0,1264,16245800812016-4-16,0,0
1624580081,4/17/2016,6175,1554,15,1276,16245800812016-4-17,0,0
1624580081,4/18/2016,10536,1604,17,1214,16245800812016-4-18,0,0
1624580081,4/19/2016,2916,1435,0,1299,16245800812016-4-19,0,0
1624580081,4/20/2016,4974,1446,0,1289,16245800812016-4-20,0,0
1624580081,4/21/2016,6349,1467,0,1254,16245800812016-4-21,0,0
1624580081,4/22/2016,4026,1470,0,1241,16245800812016-4-22,0,0
1624580081,4/23/2016,8538,1562,0,1213,16245800812016-4-23,0,0
1624580081,4/24/2016,6076,1617,16,1221,16245800812016-4-24,0,0
1624580081,4/25/2016,6497,1492,0,1238,16245800812016-4-25,0,0
1624580081,4/26/2016,2826,1402,0,1300,16245800812016-4-26,0,0
1624580081,4/27/2016,8367,1670,17,1233,16245800812016-4-27,0,0
1624580081,4/28/2016,2759,1401,0,1320,16245800812016-4-28,0,0
1624580081,4/29/2016,2390,1404,0,1290,16245800812016-4-29,0,0
1624580081,4/30/2016,6474,1655,11,1182,16245800812016-4-30,0,0
1624580081,1/5/2016,36019,2690,186,1020,16245800812016-1-5,0,0
1624580081,2/5/2016,7155,1497,7,1261,16245800812016-2-5,0,0
1624580081,3/5/2016,2100,1334,0,1344,16245800812016-3-5,0,0
1624580081,4/5/2016,2193,1368,0,1322,16245800812016-4-5,0,0
1624580081,5/5/2016,2470,1370,0,1323,16245800812016-5-5,0,0
1624580081,6/5/2016,1727,1341,0,1338,16245800812016-6-5,0,0
1624580081,7/5/2016,2104,1474,0,1258,16245800812016-7-5,0,0
1624580081,8/5/2016,3427,1427,0,1288,16245800812016-8-5,0,0
1624580081,9/5/2016,1732,1328,0,1349,16245800812016-9-5,0,0
1624580081,10/5/2016,2969,1393,0,1301,16245800812016-10-5,0,0
1624580081,11/5/2016,3134,1359,0,1328,16245800812016-11-5,0,0
1624580081,12/5/2016,2971,1002,0,890,16245800812016-12-5,0,0
1644430081,12/4/2016,10694,3199,2,1131,16444300812016-12-4,0,0
1644430081,4/13/2016,8001,2902,30,1259,16444300812016-4-13,0,0
1644430081,4/14/2016,11037,3226,5,1125,16444300812016-4-14,0,0
1644430081,4/15/2016,5263,2750,3,1263,16444300812016-4-15,0,0
1644430081,4/16/2016,15300,3493,51,1135,16444300812016-4-16,0,0
1644430081,4/17/2016,8757,3011,29,1212,16444300812016-4-17,0,0
1644430081,4/18/2016,7132,2806,15,1271,16444300812016-4-18,0,0
1644430081,4/19/2016,11256,3300,5,1099,16444300812016-4-19,0,0
1644430081,4/20/2016,2436,2430,0,1315,16444300812016-4-20,0,0
1644430081,4/21/2016,1223,2140,0,1402,16444300812016-4-21,0,0
1644430081,4/22/2016,3673,2344,0,1354,16444300812016-4-22,0,0
1644430081,4/23/2016,6637,2677,0,1265,16444300812016-4-23,0,0
1644430081,4/24/2016,3321,2413,0,1351,16444300812016-4-24,0,0
1644430081,4/25/2016,3580,2497,8,1337,16444300812016-4-25,0,0
1644430081,4/26/2016,9919,3123,11,1165,16444300812016-4-26,0,0
1644430081,4/27/2016,3032,2489,0,1322,16444300812016-4-27,0,0
1644430081,4/28/2016,9405,3108,3,1157,16444300812016-4-28,0,0
1644430081,4/29/2016,3176,2498,0,1193,16444300812016-4-29,119,127
1644430081,4/30/2016,18213,3846,9,816,16444300812016-4-30,124,142
1644430081,1/5/2016,6132,2696,3,908,16444300812016-1-5,0,0
1644430081,2/5/2016,3758,2580,1,682,16444300812016-2-5,0,0
1644430081,3/5/2016,12850,3324,10,1115,16444300812016-3-5,0,0
1644430081,4/5/2016,2309,2222,0,1388,16444300812016-4-5,0,0
1644430081,5/5/2016,4363,2463,6,1341,16444300812016-5-5,0,0
1644430081,6/5/2016,9787,3328,11,1054,16444300812016-6-5,0,0
1644430081,7/5/2016,13372,3404,41,1139,16444300812016-7-5,0,0
1644430081,8/5/2016,6724,2987,0,991,16444300812016-8-5,0,0
1644430081,9/5/2016,6643,3008,32,1099,16444300812016-9-5,0,0
1644430081,10/5/2016,9167,2799,12,1254,16444300812016-10-5,0,0
1644430081,11/5/2016,1329,1276,0,713,16444300812016-11-5,0,0
1844505072,12/4/2016,6697,2030,0,1101,18445050722016-12-4,0,0
1844505072,4/13/2016,4929,1860,0,1192,18445050722016-4-13,0,0
1844505072,4/14/2016,7937,2130,0,843,18445050722016-4-14,0,0
1844505072,4/15/2016,3844,1725,0,527,18445050722016-4-15,644,961
1844505072,4/16/2016,3414,1657,0,1293,18445050722016-4-16,0,0
1844505072,4/17/2016,4525,1793,2,1231,18445050722016-4-17,0,0
1844505072,4/18/2016,4597,1814,0,1211,18445050722016-4-18,0,0
1844505072,4/19/2016,197,1366,0,1430,18445050722016-4-19,0,0
1844505072,4/20/2016,8,1349,0,1439,18445050722016-4-20,0,0
1844505072,4/21/2016,8054,2062,2,1117,18445050722016-4-21,0,0
1844505072,4/22/2016,5372,1827,0,1220,18445050722016-4-22,0,0
1844505072,4/23/2016,3570,1645,0,1301,18445050722016-4-23,0,0
1844505072,4/24/2016,0,1347,0,1440,18445050722016-4-24,0,0
1844505072,4/25/2016,0,1347,0,1440,18445050722016-4-25,0,0
1844505072,4/26/2016,0,1347,0,1440,18445050722016-4-26,0,0
1844505072,4/27/2016,4,1348,0,1439,18445050722016-4-27,0,0
1844505072,4/28/2016,6907,1992,0,1138,18445050722016-4-28,0,0
1844505072,4/29/2016,4920,1856,0,1082,18445050722016-4-29,0,0
1844505072,4/30/2016,4014,1763,0,218,18445050722016-4-30,722,961
1844505072,1/5/2016,2573,1541,0,585,18445050722016-1-5,0,0
1844505072,2/5/2016,0,1348,0,1440,18445050722016-2-5,0,0
1844505072,3/5/2016,4059,1742,0,1256,18445050722016-3-5,0,0
1844505072,4/5/2016,2080,1549,0,1353,18445050722016-4-5,0,0
1844505072,5/5/2016,2237,1589,0,1320,18445050722016-5-5,0,0
1844505072,6/5/2016,44,1351,0,1438,18445050722016-6-5,0,0
1844505072,7/5/2016,0,1347,0,1440,18445050722016-7-5,0,0
1844505072,8/5/2016,0,1347,0,1440,18445050722016-8-5,0,0
1844505072,9/5/2016,0,1347,0,1440,18445050722016-9-5,0,0
1844505072,10/5/2016,0,1347,0,1440,18445050722016-10-5,0,0
1844505072,11/5/2016,0,1347,0,1440,18445050722016-11-5,0,0
1844505072,12/5/2016,0,665,0,711,18445050722016-12-5,0,0
1927972279,12/4/2016,678,2220,0,734,19279722792016-12-4,0,0
1927972279,4/13/2016,356,2151,0,986,19279722792016-4-13,398,422
1927972279,4/14/2016,2163,2383,0,1292,19279722792016-4-14,0,0
1927972279,4/15/2016,980,2221,0,941,19279722792016-4-15,475,499
1927972279,4/16/2016,0,2064,0,1440,19279722792016-4-16,0,0
1927972279,4/17/2016,0,2063,0,1440,19279722792016-4-17,0,0
1927972279,4/18/2016,244,2111,0,1423,19279722792016-4-18,0,0
1927972279,4/19/2016,0,2063,0,1440,19279722792016-4-19,0,0
1927972279,4/20/2016,0,2063,0,1440,19279722792016-4-20,0,0
1927972279,4/21/2016,0,2064,0,1440,19279722792016-4-21,0,0
1927972279,4/22/2016,149,2093,0,1430,19279722792016-4-22,0,0
1927972279,4/23/2016,2945,2499,0,1295,19279722792016-4-23,0,0
1927972279,4/24/2016,2090,2324,1,1358,19279722792016-4-24,0,0
1927972279,4/25/2016,152,2100,0,1303,19279722792016-4-25,0,0
1927972279,4/26/2016,3761,2638,0,1058,19279722792016-4-26,296,315
1927972279,4/27/2016,0,2063,0,1440,19279722792016-4-27,0,0
1927972279,4/28/2016,1675,2351,0,1167,19279722792016-4-28,166,178
1927972279,4/29/2016,0,2063,0,1440,19279722792016-4-29,0,0
1927972279,4/30/2016,0,2064,0,1440,19279722792016-4-30,0,0
1927972279,1/5/2016,2704,2411,14,1355,19279722792016-1-5,0,0
1927972279,2/5/2016,3790,2505,16,1322,19279722792016-2-5,0,0
1927972279,3/5/2016,1326,2195,10,1413,19279722792016-3-5,0,0
1927972279,4/5/2016,1786,2338,0,1353,19279722792016-4-5,0,0
1927972279,5/5/2016,0,2063,0,1440,19279722792016-5-5,0,0
1927972279,6/5/2016,2091,2383,0,1332,19279722792016-6-5,0,0
1927972279,7/5/2016,1510,2229,0,1392,19279722792016-7-5,0,0
1927972279,8/5/2016,0,2063,0,1440,19279722792016-8-5,0,0
1927972279,9/5/2016,0,2063,0,1440,19279722792016-9-5,0,0
1927972279,10/5/2016,0,2063,0,1440,19279722792016-10-5,0,0
1927972279,11/5/2016,0,2063,0,1440,19279722792016-11-5,0,0
1927972279,12/5/2016,0,1383,0,966,19279722792016-12-5,0,0
2022484408,12/4/2016,11875,2390,42,1157,20224844082016-12-4,0,0
2022484408,4/13/2016,12024,2601,43,1100,20224844082016-4-13,0,0
2022484408,4/14/2016,10690,2312,32,1148,20224844082016-4-14,0,0
2022484408,4/15/2016,11034,2525,27,1122,20224844082016-4-15,0,0
2022484408,4/16/2016,10100,2177,41,1237,20224844082016-4-16,0,0
2022484408,4/17/2016,15112,2782,28,1052,20224844082016-4-17,0,0
2022484408,4/18/2016,14131,2770,48,1078,20224844082016-4-18,0,0
2022484408,4/19/2016,11548,2489,31,1152,20224844082016-4-19,0,0
2022484408,4/20/2016,15112,2897,48,1053,20224844082016-4-20,0,0
2022484408,4/21/2016,12453,3158,104,1028,20224844082016-4-21,0,0
2022484408,4/22/2016,12954,2638,52,1105,20224844082016-4-22,0,0
2022484408,4/23/2016,6001,2069,0,1191,20224844082016-4-23,0,0
2022484408,4/24/2016,13481,2529,37,1161,20224844082016-4-24,0,0
2022484408,4/25/2016,11369,2470,44,1171,20224844082016-4-25,0,0
2022484408,4/26/2016,10119,2793,55,1086,20224844082016-4-26,0,0
2022484408,4/27/2016,10159,2463,19,1119,20224844082016-4-27,0,0
2022484408,4/28/2016,10140,2296,6,1123,20224844082016-4-28,0,0
2022484408,4/29/2016,10245,2611,21,1098,20224844082016-4-29,0,0
2022484408,4/30/2016,18387,2732,13,1043,20224844082016-4-30,0,0
2022484408,1/5/2016,10538,2380,25,1142,20224844082016-1-5,0,0
2022484408,2/5/2016,10379,2473,36,1119,20224844082016-2-5,0,0
2022484408,3/5/2016,12183,2752,72,1104,20224844082016-3-5,0,0
2022484408,4/5/2016,11768,2649,36,1105,20224844082016-4-5,0,0
2022484408,5/5/2016,11895,2609,55,1112,20224844082016-5-5,0,0
2022484408,6/5/2016,10227,2498,24,1104,20224844082016-6-5,0,0
2022484408,7/5/2016,6708,1995,20,1269,20224844082016-7-5,0,0
2022484408,8/5/2016,3292,1848,0,1305,20224844082016-8-5,0,0
2022484408,9/5/2016,13379,2709,35,1061,20224844082016-9-5,0,0
2022484408,10/5/2016,12798,2797,57,1084,20224844082016-10-5,0,0
2022484408,11/5/2016,13272,2544,58,1133,20224844082016-11-5,0,0
2022484408,12/5/2016,9117,1853,16,728,20224844082016-12-5,0,0
2026352035,12/4/2016,4414,1459,3,706,20263520352016-12-4,0,0
2026352035,4/13/2016,4993,1521,0,663,20263520352016-4-13,531,565
2026352035,4/14/2016,3335,1431,0,653,20263520352016-4-14,545,568
2026352035,4/15/2016,3821,1444,0,687,20263520352016-4-15,523,573
2026352035,4/16/2016,2547,1373,0,728,20263520352016-4-16,524,567
2026352035,4/17/2016,838,1214,0,1053,20263520352016-4-17,437,498
2026352035,4/18/2016,3325,1419,0,1062,20263520352016-4-18,0,0
2026352035,4/19/2016,2424,1356,0,785,20263520352016-4-19,498,540
2026352035,4/20/2016,7222,1667,0,623,20263520352016-4-20,461,510
2026352035,4/21/2016,2467,1370,0,749,20263520352016-4-21,477,514
2026352035,4/22/2016,2915,1399,0,712,20263520352016-4-22,520,545
2026352035,4/23/2016,12357,1916,0,458,20263520352016-4-23,522,554
2026352035,4/24/2016,3490,1401,0,704,20263520352016-4-24,555,591
2026352035,4/25/2016,6017,1576,0,821,20263520352016-4-25,506,531
2026352035,4/26/2016,5933,1595,0,1018,20263520352016-4-26,0,0
2026352035,4/27/2016,6088,1593,0,586,20263520352016-4-27,508,545
2026352035,4/28/2016,6375,1649,0,626,20263520352016-4-28,513,545
2026352035,4/29/2016,7604,1692,0,492,20263520352016-4-29,490,510
2026352035,4/30/2016,4729,1506,0,594,20263520352016-4-30,573,607
2026352035,1/5/2016,3609,1447,0,716,20263520352016-1-5,0,0
2026352035,2/5/2016,7018,1690,0,716,20263520352016-2-5,0,0
2026352035,3/5/2016,5992,1604,0,981,20263520352016-3-5,0,0
2026352035,4/5/2016,6564,1658,0,530,20263520352016-4-5,0,0
2026352035,5/5/2016,12167,1926,0,479,20263520352016-5-5,468,485
2026352035,6/5/2016,8198,1736,0,511,20263520352016-6-5,0,0
2026352035,7/5/2016,4193,1491,0,665,20263520352016-7-5,0,0
2026352035,8/5/2016,5528,1555,0,610,20263520352016-8-5,0,0
2026352035,9/5/2016,10685,1869,0,543,20263520352016-9-5,0,0
2026352035,10/5/2016,254,1141,0,1002,20263520352016-10-5,0,0
2026352035,11/5/2016,8580,1698,0,569,20263520352016-11-5,0,0
2026352035,12/5/2016,8891,1364,0,330,20263520352016-12-5,0,0
2320127002,12/4/2016,10725,2124,13,1112,23201270022016-12-4,0,0
2320127002,4/13/2016,7275,2003,0,1105,23201270022016-4-13,0,0
2320127002,4/14/2016,3973,1696,0,1249,23201270022016-4-14,0,0
2320127002,4/15/2016,5205,1801,0,1195,23201270022016-4-15,0,0
2320127002,4/16/2016,5057,1724,0,1245,23201270022016-4-16,0,0
2320127002,4/17/2016,6198,1852,0,1191,23201270022016-4-17,0,0
2320127002,4/18/2016,6559,1905,0,1173,23201270022016-4-18,0,0
2320127002,4/19/2016,5997,1811,0,1201,23201270022016-4-19,0,0
2320127002,4/20/2016,7192,1922,0,1146,23201270022016-4-20,0,0
2320127002,4/21/2016,3404,1610,1,1302,23201270022016-4-21,0,0
2320127002,4/22/2016,5583,1851,0,1174,23201270022016-4-22,0,0
2320127002,4/23/2016,5079,1804,0,1129,23201270022016-4-23,61,69
2320127002,4/24/2016,4165,1725,0,1236,23201270022016-4-24,0,0
2320127002,4/25/2016,3588,1654,3,1280,23201270022016-4-25,0,0
2320127002,4/26/2016,3409,1632,0,1293,23201270022016-4-26,0,0
2320127002,4/27/2016,1715,1481,0,1358,23201270022016-4-27,0,0
2320127002,4/28/2016,1532,1473,0,1364,23201270022016-4-28,0,0
2320127002,4/29/2016,924,1410,0,1395,23201270022016-4-29,0,0
2320127002,4/30/2016,4571,1779,0,1206,23201270022016-4-30,0,0
2320127002,1/5/2016,772,1403,0,1400,23201270022016-1-5,0,0
2320127002,2/5/2016,3634,1613,5,1306,23201270022016-2-5,0,0
2320127002,3/5/2016,7443,1878,20,1204,23201270022016-3-5,0,0
2320127002,4/5/2016,1201,1426,0,1388,23201270022016-4-5,0,0
2320127002,5/5/2016,5202,1780,0,1206,23201270022016-5-5,0,0
2320127002,6/5/2016,4878,1742,0,1236,23201270022016-6-5,0,0
2320127002,7/5/2016,7379,1972,0,1121,23201270022016-7-5,0,0
2320127002,8/5/2016,5161,1821,0,1193,23201270022016-8-5,0,0
2320127002,9/5/2016,3090,1630,0,1295,23201270022016-9-5,0,0
2320127002,10/5/2016,6227,1899,0,1150,23201270022016-10-5,0,0
2320127002,11/5/2016,6424,1903,0,1140,23201270022016-11-5,0,0
2320127002,12/5/2016,2661,1125,0,830,23201270022016-12-5,0,0
2347167796,12/4/2016,10113,2344,28,964,23471677962016-12-4,0,0
2347167796,4/13/2016,10352,2038,19,676,23471677962016-4-13,467,531
2347167796,4/14/2016,10129,2010,1,705,23471677962016-4-14,445,489
2347167796,4/15/2016,10465,2133,1,720,23471677962016-4-15,452,504
2347167796,4/16/2016,22244,2670,66,968,23471677962016-4-16,0,0
2347167796,4/17/2016,5472,1882,1,508,23471677962016-4-17,556,602
2347167796,4/18/2016,8247,1944,11,678,23471677962016-4-18,500,557
2347167796,4/19/2016,6711,2346,0,648,23471677962016-4-19,465,514
2347167796,4/20/2016,10999,2198,11,1011,23471677962016-4-20,0,0
2347167796,4/21/2016,10080,2048,23,761,23471677962016-4-21,460,484
2347167796,4/22/2016,7804,1946,9,781,23471677962016-4-22,405,461
2347167796,4/23/2016,16901,2629,32,591,23471677962016-4-23,374,386
2347167796,4/24/2016,9471,2187,0,584,23471677962016-4-24,442,459
2347167796,4/25/2016,9482,2095,15,653,23471677962016-4-25,433,471
2347167796,4/26/2016,5980,1861,0,732,23471677962016-4-26,436,490
2347167796,4/27/2016,11423,2194,26,623,23471677962016-4-27,448,499
2347167796,4/28/2016,5439,1854,0,764,23471677962016-4-28,408,450
2347167796,4/29/2016,42,403,0,2,23471677962016-4-29,411,473
2873212765,12/4/2016,8796,1982,2,1061,28732127652016-12-4,0,0
2873212765,4/13/2016,7618,2004,0,1028,28732127652016-4-13,0,0
2873212765,4/14/2016,7910,1893,0,1109,28732127652016-4-14,0,0
2873212765,4/15/2016,8482,2063,0,992,28732127652016-4-15,0,0
2873212765,4/16/2016,9685,2148,47,1087,28732127652016-4-16,0,0
2873212765,4/17/2016,2524,1529,0,1272,28732127652016-4-17,0,0
2873212765,4/18/2016,7762,1890,1,1122,28732127652016-4-18,0,0
2873212765,4/19/2016,7948,1956,0,1051,28732127652016-4-19,0,0
2873212765,4/20/2016,9202,2094,22,1035,28732127652016-4-20,0,0
2873212765,4/21/2016,8859,1970,2,1057,28732127652016-4-21,0,0
2873212765,4/22/2016,7286,2241,46,1028,28732127652016-4-22,0,0
2873212765,4/23/2016,9317,2021,28,1077,28732127652016-4-23,0,0
2873212765,4/24/2016,6873,1898,46,1203,28732127652016-4-24,0,0
2873212765,4/25/2016,7373,1907,0,1081,28732127652016-4-25,0,0
2873212765,4/26/2016,8242,1882,2,1124,28732127652016-4-26,0,0
2873212765,4/27/2016,3516,1966,46,1197,28732127652016-4-27,0,0
2873212765,4/28/2016,7913,1835,28,1192,28732127652016-4-28,0,0
2873212765,4/29/2016,7365,1780,20,1191,28732127652016-4-29,0,0
2873212765,4/30/2016,8452,1830,5,1167,28732127652016-4-30,0,0
2873212765,1/5/2016,7399,1739,7,1219,28732127652016-1-5,0,0
2873212765,2/5/2016,7525,1878,0,1099,28732127652016-2-5,0,0
2873212765,3/5/2016,7412,1906,1,1070,28732127652016-3-5,0,0
2873212765,4/5/2016,8278,2015,0,1020,28732127652016-4-5,0,0
2873212765,5/5/2016,8314,1971,13,1093,28732127652016-5-5,0,0
2873212765,6/5/2016,7063,1910,0,1065,28732127652016-6-5,0,0
2873212765,7/5/2016,4940,1897,75,1302,28732127652016-7-5,0,0
2873212765,8/5/2016,8168,2096,46,1068,28732127652016-8-5,0,0
2873212765,9/5/2016,7726,1906,0,1095,28732127652016-9-5,0,0
2873212765,10/5/2016,8275,1962,0,1067,28732127652016-10-5,0,0
2873212765,11/5/2016,6440,1826,0,1121,28732127652016-11-5,0,0
2873212765,12/5/2016,7566,1431,0,720,28732127652016-12-5,0,0
3372868164,12/4/2016,4747,1788,0,1160,33728681642016-12-4,0,0
3372868164,4/13/2016,9715,2093,16,1045,33728681642016-4-13,0,0
3372868164,4/14/2016,8844,2065,6,1039,33728681642016-4-14,0,0
3372868164,4/15/2016,7451,1908,0,1105,33728681642016-4-15,0,0
3372868164,4/16/2016,6905,1908,0,1084,33728681642016-4-16,0,0
3372868164,4/17/2016,8199,1964,11,1105,33728681642016-4-17,0,0
3372868164,4/18/2016,6798,2014,20,1070,33728681642016-4-18,0,0
3372868164,4/19/2016,7711,1985,0,1064,33728681642016-4-19,0,0
3372868164,4/20/2016,4880,1867,15,1148,33728681642016-4-20,0,0
3372868164,4/21/2016,8857,2124,18,1037,33728681642016-4-21,0,0
3372868164,4/22/2016,3843,1669,0,1234,33728681642016-4-22,0,0
3372868164,4/23/2016,7396,1995,20,1115,33728681642016-4-23,0,0
3372868164,4/24/2016,6731,1921,14,1127,33728681642016-4-24,0,0
3372868164,4/25/2016,5995,2010,0,1024,33728681642016-4-25,0,0
3372868164,4/26/2016,8283,2057,22,1083,33728681642016-4-26,0,0
3372868164,4/27/2016,7904,2095,24,1057,33728681642016-4-27,0,0
3372868164,4/28/2016,5512,1972,0,1055,33728681642016-4-28,0,0
3372868164,4/29/2016,9135,2044,0,1038,33728681642016-4-29,0,0
3372868164,4/30/2016,5250,1946,17,1119,33728681642016-4-30,0,0
3372868164,1/5/2016,3077,1237,0,842,33728681642016-1-5,0,0
3977333714,12/4/2016,8856,1450,44,777,39773337142016-12-4,0,0
3977333714,4/13/2016,10035,1495,31,754,39773337142016-4-13,295,456
3977333714,4/14/2016,7641,1433,5,801,39773337142016-4-14,291,397
3977333714,4/15/2016,9010,1468,15,644,39773337142016-4-15,424,556
3977333714,4/16/2016,13459,1625,31,663,39773337142016-4-16,283,510
3977333714,4/17/2016,10415,1529,11,600,39773337142016-4-17,381,566
3977333714,4/18/2016,11663,1584,4,605,39773337142016-4-18,412,522
3977333714,4/19/2016,12414,1638,19,738,39773337142016-4-19,219,395
3977333714,4/20/2016,11658,1554,2,845,39773337142016-4-20,152,305
3977333714,4/21/2016,6093,1397,0,712,39773337142016-4-21,332,512
3977333714,4/22/2016,8911,1481,33,731,39773337142016-4-22,355,476
3977333714,4/23/2016,12058,1638,0,724,39773337142016-4-23,235,372
3977333714,4/24/2016,14112,1655,30,660,39773337142016-4-24,310,526
3977333714,4/25/2016,11177,1570,50,781,39773337142016-4-25,262,467
3977333714,4/26/2016,11388,1551,7,797,39773337142016-4-26,250,371
3977333714,4/27/2016,7193,1377,0,714,39773337142016-4-27,349,540
3977333714,4/28/2016,7114,1407,15,804,39773337142016-4-28,261,423
3977333714,4/29/2016,10645,1545,36,744,39773337142016-4-29,333,478
3977333714,4/30/2016,13238,1650,43,687,39773337142016-4-30,237,382
3977333714,1/5/2016,10414,1501,41,691,39773337142016-1-5,0,0
3977333714,2/5/2016,16520,1760,24,713,39773337142016-2-5,0,0
3977333714,3/5/2016,14335,1710,47,594,39773337142016-3-5,0,0
3977333714,4/5/2016,13559,1628,14,852,39773337142016-4-5,0,0
3977333714,5/5/2016,12312,1618,14,680,39773337142016-5-5,318,480
3977333714,6/5/2016,11677,1590,29,676,39773337142016-6-5,0,0
3977333714,7/5/2016,11550,1574,0,703,39773337142016-7-5,0,0
3977333714,8/5/2016,13585,1633,9,688,39773337142016-8-5,0,0
3977333714,9/5/2016,14687,1667,8,1159,39773337142016-9-5,0,0
3977333714,10/5/2016,13072,1630,1,676,39773337142016-10-5,0,0
3977333714,11/5/2016,746,52,4,13,39773337142016-11-5,0,0
4020332650,12/4/2016,8539,3654,4,712,40203326502016-12-4,0,0
4020332650,4/13/2016,0,1981,0,1440,40203326502016-4-13,0,0
4020332650,4/14/2016,108,2011,0,1437,40203326502016-4-14,0,0
4020332650,4/15/2016,1882,2951,36,1299,40203326502016-4-15,0,0
4020332650,4/16/2016,1982,3051,65,1222,40203326502016-4-16,77,77
4020332650,4/17/2016,16,1990,0,1438,40203326502016-4-17,0,0
4020332650,4/18/2016,62,1995,0,1438,40203326502016-4-18,0,0
4020332650,4/19/2016,0,1980,0,1440,40203326502016-4-19,0,0
4020332650,4/20/2016,0,1980,0,1440,40203326502016-4-20,0,0
4020332650,4/21/2016,0,1980,0,1440,40203326502016-4-21,0,0
4020332650,4/22/2016,0,1980,0,1440,40203326502016-4-22,0,0
4020332650,4/23/2016,0,1980,0,1440,40203326502016-4-23,0,0
4020332650,4/24/2016,0,1980,0,1440,40203326502016-4-24,0,0
4020332650,4/25/2016,0,1980,0,1440,40203326502016-4-25,0,0
4020332650,4/26/2016,0,1980,0,1440,40203326502016-4-26,0,0
4020332650,4/27/2016,0,1980,0,1440,40203326502016-4-27,0,0
4020332650,4/28/2016,0,1980,0,1440,40203326502016-4-28,0,0
4020332650,4/29/2016,0,1980,0,1440,40203326502016-4-29,0,0
4020332650,4/30/2016,0,1980,0,1440,40203326502016-4-30,0,0
4020332650,1/5/2016,0,1980,0,1440,40203326502016-1-5,0,0
4020332650,2/5/2016,475,2207,0,1350,40203326502016-2-5,0,0
4020332650,3/5/2016,4496,2828,0,950,40203326502016-3-5,0,0
4020332650,4/5/2016,10252,3879,13,531,40203326502016-4-5,0,0
4020332650,5/5/2016,11728,3429,38,916,40203326502016-5-5,226,248
4020332650,6/5/2016,4369,2704,0,855,40203326502016-6-5,0,0
4020332650,7/5/2016,6132,2975,0,1256,40203326502016-7-5,0,0
4020332650,8/5/2016,5862,3089,0,775,40203326502016-8-5,0,0
4020332650,9/5/2016,4556,2785,3,1225,40203326502016-9-5,0,0
4020332650,10/5/2016,5546,2926,0,774,40203326502016-10-5,0,0
4020332650,11/5/2016,3689,2645,2,1296,40203326502016-11-5,0,0
4020332650,12/5/2016,590,1120,0,721,40203326502016-12-5,0,0
4057192912,12/4/2016,5394,2286,0,1276,40571929122016-12-4,0,0
4057192912,4/13/2016,5974,2306,0,1280,40571929122016-4-13,0,0
4057192912,4/14/2016,0,1776,0,1440,40571929122016-4-14,0,0
4057192912,4/15/2016,3984,1527,3,873,40571929122016-4-15,0,0
4319703577,12/4/2016,7753,2115,0,1440,43197035772016-12-4,0,0
4319703577,4/13/2016,8204,2135,8,1234,43197035772016-4-13,0,0
4319703577,4/14/2016,10210,2302,1,589,43197035772016-4-14,535,557
4319703577,4/15/2016,5664,1985,0,752,43197035772016-4-15,465,491
4319703577,4/16/2016,4744,1884,0,724,43197035772016-4-16,506,522
4319703577,4/17/2016,29,1464,0,1363,43197035772016-4-17,0,0
4319703577,4/18/2016,2276,1632,1,824,43197035772016-4-18,515,551
4319703577,4/19/2016,8925,2200,0,604,43197035772016-4-19,461,498
4319703577,4/20/2016,8954,2220,0,671,43197035772016-4-20,523,543
4319703577,4/21/2016,3702,1792,0,1265,43197035772016-4-21,59,65
4319703577,4/22/2016,4500,1886,1,709,43197035772016-4-22,533,550
4319703577,4/23/2016,4935,1945,0,546,43197035772016-4-23,692,722
4319703577,4/24/2016,4081,1880,1,692,43197035772016-4-24,467,501
4319703577,4/25/2016,9259,2314,0,544,43197035772016-4-25,488,506
4319703577,4/26/2016,9899,2236,8,649,43197035772016-4-26,505,516
4319703577,4/27/2016,10780,2324,6,680,43197035772016-4-27,286,307
4319703577,4/28/2016,10817,2367,13,552,43197035772016-4-28,497,522
4319703577,4/29/2016,7990,2175,6,624,43197035772016-4-29,523,546
4319703577,4/30/2016,8221,2092,6,695,43197035772016-4-30,490,516
4319703577,1/5/2016,1251,1593,0,836,43197035772016-1-5,0,0
4319703577,2/5/2016,9261,2270,0,585,43197035772016-2-5,0,0
4319703577,3/5/2016,9648,2235,8,669,43197035772016-3-5,0,0
4319703577,4/5/2016,10429,2282,8,1106,43197035772016-4-5,0,0
4319703577,5/5/2016,13658,2530,27,957,43197035772016-5-5,0,0
4319703577,6/5/2016,9524,2266,6,692,43197035772016-6-5,0,0
4319703577,7/5/2016,7937,2158,3,586,43197035772016-7-5,0,0
4319703577,8/5/2016,3672,1792,0,603,43197035772016-8-5,0,0
4319703577,9/5/2016,10378,2345,2,490,43197035772016-9-5,0,0
4319703577,10/5/2016,9487,2260,3,555,43197035772016-10-5,0,0
4319703577,11/5/2016,9129,2232,3,574,43197035772016-11-5,0,0
4319703577,12/5/2016,17,257,0,0,43197035772016-12-5,0,0
4388161847,12/4/2016,10122,2955,0,1440,43881618472016-12-4,0,0
4388161847,4/13/2016,10993,3092,1,1275,43881618472016-4-13,0,0
4388161847,4/14/2016,8863,2998,10,945,43881618472016-4-14,0,0
4388161847,4/15/2016,8758,3066,0,837,43881618472016-4-15,499,526
4388161847,4/16/2016,6580,3073,6,609,43881618472016-4-16,426,448
4388161847,4/17/2016,4660,2572,0,721,43881618472016-4-17,619,641
4388161847,4/18/2016,11009,3274,27,1017,43881618472016-4-18,99,104
4388161847,4/19/2016,10181,3015,20,704,43881618472016-4-19,329,338
4388161847,4/20/2016,10553,3083,19,696,43881618472016-4-20,421,451
4388161847,4/21/2016,10055,3069,7,853,43881618472016-4-21,442,458
4388161847,4/22/2016,12139,3544,77,945,43881618472016-4-22,82,85
4388161847,4/23/2016,13236,3306,58,749,43881618472016-4-23,478,501
4388161847,4/24/2016,10243,2885,14,584,43881618472016-4-24,552,595
4388161847,4/25/2016,12961,3288,11,1054,43881618472016-4-25,0,0
4388161847,4/26/2016,9461,2929,14,673,43881618472016-4-26,319,346
4388161847,4/27/2016,11193,3074,11,684,43881618472016-4-27,439,500
4388161847,4/28/2016,10074,2969,19,878,43881618472016-4-28,428,458
4388161847,4/29/2016,9232,2979,13,1175,43881618472016-4-29,0,0
4388161847,4/30/2016,12533,3283,14,537,43881618472016-4-30,409,430
4388161847,1/5/2016,10255,2926,12,579,43881618472016-1-5,0,0
4388161847,2/5/2016,10096,3147,33,935,43881618472016-2-5,0,0
4388161847,3/5/2016,12727,3290,18,984,43881618472016-3-5,0,0
4388161847,4/5/2016,12375,3162,35,632,43881618472016-4-5,0,0
4388161847,5/5/2016,9603,2899,12,896,43881618472016-5-5,471,495
4388161847,6/5/2016,13175,3425,33,1100,43881618472016-6-5,0,0
4388161847,7/5/2016,22770,4022,120,508,43881618472016-7-5,0,0
4388161847,8/5/2016,17298,3934,107,576,43881618472016-8-5,0,0
4388161847,9/5/2016,10218,3013,6,1020,43881618472016-9-5,0,0
4388161847,10/5/2016,10299,3061,13,648,43881618472016-10-5,0,0
4388161847,11/5/2016,10201,2954,8,858,43881618472016-11-5,0,0
4388161847,12/5/2016,3369,1623,0,825,43881618472016-12-5,0,0
4445114986,12/4/2016,3276,2113,0,787,44451149862016-12-4,0,0
4445114986,4/13/2016,2961,2095,0,840,44451149862016-4-13,370,406
4445114986,4/14/2016,3974,2194,0,717,44451149862016-4-14,441,492
4445114986,4/15/2016,7198,2496,0,711,44451149862016-4-15,337,379
4445114986,4/16/2016,3945,2180,0,716,44451149862016-4-16,462,499
4445114986,4/17/2016,2268,1933,0,1219,44451149862016-4-17,98,107
4445114986,4/18/2016,6155,2248,25,1247,44451149862016-4-18,0,0
4445114986,4/19/2016,2064,1954,0,895,44451149862016-4-19,388,424
4445114986,4/20/2016,2072,1974,0,841,44451149862016-4-20,439,462
4445114986,4/21/2016,3809,2150,0,756,44451149862016-4-21,436,469
4445114986,4/22/2016,6831,2432,0,706,44451149862016-4-22,388,417
4445114986,4/23/2016,4363,2149,0,1239,44451149862016-4-23,0,0
4445114986,4/24/2016,5002,2247,0,1196,44451149862016-4-24,0,0
4445114986,4/25/2016,3385,2070,0,916,44451149862016-4-25,328,345
4445114986,4/26/2016,6326,2291,29,839,44451149862016-4-26,353,391
4445114986,4/27/2016,7243,2361,32,839,44451149862016-4-27,332,374
4445114986,4/28/2016,4493,2203,0,762,44451149862016-4-28,419,442
4445114986,4/29/2016,4676,2196,0,1106,44451149862016-4-29,106,108
4445114986,4/30/2016,6222,2363,0,797,44451149862016-4-30,322,353
4445114986,1/5/2016,5232,2246,0,741,44451149862016-1-5,0,0
4445114986,2/5/2016,6910,2336,27,667,44451149862016-2-5,0,0
4445114986,3/5/2016,7502,2421,30,725,44451149862016-3-5,0,0
4445114986,4/5/2016,2923,2070,0,897,44451149862016-4-5,0,0
4445114986,5/5/2016,3800,2120,2,734,44451149862016-5-5,462,513
4445114986,6/5/2016,4514,2211,0,809,44451149862016-6-5,0,0
4445114986,7/5/2016,5183,2123,26,866,44451149862016-7-5,0,0
4445114986,8/5/2016,7303,2423,0,733,44451149862016-8-5,0,0
4445114986,9/5/2016,5275,2281,0,641,44451149862016-9-5,0,0
4445114986,10/5/2016,3915,2181,0,783,44451149862016-10-5,0,0
4445114986,11/5/2016,9105,2499,34,622,44451149862016-11-5,0,0
4445114986,12/5/2016,768,1212,0,380,44451149862016-12-5,0,0
4558609924,12/4/2016,5135,1909,0,1122,45586099242016-12-4,0,0
4558609924,4/13/2016,4978,1722,19,1287,45586099242016-4-13,0,0
4558609924,4/14/2016,6799,1922,0,1161,45586099242016-4-14,0,0
4558609924,4/15/2016,7795,2121,17,1131,45586099242016-4-15,0,0
4558609924,4/16/2016,7289,1997,8,1112,45586099242016-4-16,0,0
4558609924,4/17/2016,9634,2117,7,1110,45586099242016-4-17,0,0
4558609924,4/18/2016,8940,2116,14,1080,45586099242016-4-18,0,0
4558609924,4/19/2016,5401,1876,1,1182,45586099242016-4-19,0,0
4558609924,4/20/2016,4803,1788,0,1218,45586099242016-4-20,0,0
4558609924,4/21/2016,13743,2486,6,844,45586099242016-4-21,126,137
4558609924,4/22/2016,9601,2094,20,1122,45586099242016-4-22,0,0
4558609924,4/23/2016,6890,2085,5,1122,45586099242016-4-23,0,0
4558609924,4/24/2016,8563,2173,0,1045,45586099242016-4-24,0,0
4558609924,4/25/2016,8095,2225,18,993,45586099242016-4-25,0,0
4558609924,4/26/2016,9148,2223,12,1062,45586099242016-4-26,103,121
4558609924,4/27/2016,9557,2098,27,1087,45586099242016-4-27,0,0
4558609924,4/28/2016,9451,2185,1,985,45586099242016-4-28,0,0
4558609924,4/29/2016,7833,1918,15,1096,45586099242016-4-29,171,179
4558609924,4/30/2016,10319,2105,7,1111,45586099242016-4-30,0,0
4558609924,1/5/2016,3428,1692,0,1121,45586099242016-1-5,0,0
4558609924,2/5/2016,7891,2066,0,1057,45586099242016-2-5,0,0
4558609924,3/5/2016,5267,1953,21,1172,45586099242016-3-5,0,0
4558609924,4/5/2016,5232,1842,0,1188,45586099242016-4-5,0,0
4558609924,5/5/2016,10611,2262,14,1048,45586099242016-5-5,0,0
4558609924,6/5/2016,3755,1722,0,1238,45586099242016-6-5,0,0
4558609924,7/5/2016,8237,1973,23,1116,45586099242016-7-5,0,0
4558609924,8/5/2016,6543,2666,66,1019,45586099242016-8-5,0,0
4558609924,9/5/2016,11451,2223,6,1065,45586099242016-9-5,0,0
4558609924,10/5/2016,6435,1889,11,1191,45586099242016-10-5,0,0
4558609924,11/5/2016,9108,2131,4,1081,45586099242016-11-5,0,0
4558609924,12/5/2016,6307,1452,0,736,45586099242016-12-5,0,0
4702921684,12/4/2016,7213,2947,0,718,47029216842016-12-4,0,0
4702921684,4/13/2016,6877,2898,0,777,47029216842016-4-13,400,430
4702921684,4/14/2016,7860,2984,0,772,47029216842016-4-14,384,415
4702921684,4/15/2016,6506,2896,1,944,47029216842016-4-15,253,257
4702921684,4/16/2016,11140,3328,3,556,47029216842016-4-16,382,406
4702921684,4/17/2016,12692,3394,12,437,47029216842016-4-17,591,612
4702921684,4/18/2016,9105,3013,22,890,47029216842016-4-18,293,312
4702921684,4/19/2016,6708,2812,10,757,47029216842016-4-19,457,487
4702921684,4/20/2016,8793,3061,2,717,47029216842016-4-20,454,468
4702921684,4/21/2016,6530,2729,4,901,47029216842016-4-21,425,434
4702921684,4/22/2016,1664,2241,0,1341,47029216842016-4-22,0,0
4702921684,4/23/2016,15126,3691,9,469,47029216842016-4-23,465,475
4702921684,4/24/2016,15050,3538,15,542,47029216842016-4-24,480,506
4702921684,4/25/2016,9167,3064,6,730,47029216842016-4-25,370,380
4702921684,4/26/2016,6108,2784,1,765,47029216842016-4-26,421,429
4702921684,4/27/2016,7047,2908,1,733,47029216842016-4-27,432,449
4702921684,4/28/2016,9023,3033,14,738,47029216842016-4-28,442,461
4702921684,4/29/2016,9930,3165,12,692,47029216842016-4-29,433,447
4702921684,4/30/2016,10144,3115,4,728,47029216842016-4-30,479,501
4702921684,1/5/2016,0,2017,0,1440,47029216842016-1-5,0,0
4702921684,2/5/2016,7245,2859,5,1131,47029216842016-2-5,0,0
4702921684,3/5/2016,9454,3145,0,729,47029216842016-3-5,0,0
4702921684,4/5/2016,8161,3004,4,757,47029216842016-4-5,0,0
4702921684,5/5/2016,8614,3006,8,745,47029216842016-5-5,414,428
4702921684,6/5/2016,6943,2859,1,682,47029216842016-6-5,0,0
4702921684,7/5/2016,14370,3683,5,577,47029216842016-7-5,0,0
4702921684,8/5/2016,12857,3287,9,1019,47029216842016-8-5,0,0
4702921684,9/5/2016,8232,2990,0,746,47029216842016-9-5,0,0
4702921684,10/5/2016,10613,3172,1,701,47029216842016-10-5,0,0
4702921684,11/5/2016,9810,3069,10,784,47029216842016-11-5,0,0
4702921684,12/5/2016,2752,1240,0,241,47029216842016-12-5,0,0
5553957443,12/4/2016,11596,2026,19,767,55539574432016-12-4,0,0
5553957443,4/13/2016,4832,1718,0,647,55539574432016-4-13,455,488
5553957443,4/14/2016,17022,2324,61,693,55539574432016-4-14,357,418
5553957443,4/15/2016,16556,2254,58,689,55539574432016-4-15,377,409
5553957443,4/16/2016,5771,1831,0,521,55539574432016-4-16,651,686
5553957443,4/17/2016,655,1397,0,943,55539574432016-4-17,350,402
5553957443,4/18/2016,3727,1683,0,622,55539574432016-4-18,520,541
5553957443,4/19/2016,15482,2284,69,756,55539574432016-4-19,357,410
5553957443,4/20/2016,2713,1570,0,598,55539574432016-4-20,658,678
5553957443,4/21/2016,12346,2066,47,801,55539574432016-4-21,399,431
5553957443,4/22/2016,11682,2105,25,781,55539574432016-4-22,322,353
5553957443,4/23/2016,4112,1776,0,443,55539574432016-4-23,631,725
5553957443,4/24/2016,1807,1507,0,582,55539574432016-4-24,553,640
5553957443,4/25/2016,10946,2033,51,732,55539574432016-4-25,433,468
5553957443,4/26/2016,11886,2093,40,750,55539574432016-4-26,412,453
5553957443,4/27/2016,10538,1922,16,745,55539574432016-4-27,347,391
5553957443,4/28/2016,11393,1999,49,727,55539574432016-4-28,421,457
5553957443,4/29/2016,12764,2169,46,709,55539574432016-4-29,450,495
5553957443,4/30/2016,1202,1463,0,506,55539574432016-4-30,775,843
5553957443,1/5/2016,5164,1747,0,436,55539574432016-1-5,0,0
5553957443,2/5/2016,9769,1996,23,724,55539574432016-2-5,0,0
5553957443,3/5/2016,12848,2116,26,812,55539574432016-3-5,0,0
5553957443,4/5/2016,4249,1698,0,651,55539574432016-4-5,0,0
5553957443,5/5/2016,14331,2156,44,692,55539574432016-5-5,419,464
5553957443,6/5/2016,9632,1916,21,761,55539574432016-6-5,0,0
5553957443,7/5/2016,1868,1494,0,902,55539574432016-7-5,0,0
5553957443,8/5/2016,6083,1762,3,505,55539574432016-8-5,0,0
5553957443,9/5/2016,11611,2272,59,667,55539574432016-9-5,0,0
5553957443,10/5/2016,16358,2335,61,707,55539574432016-10-5,0,0
5553957443,11/5/2016,4926,1693,0,628,55539574432016-11-5,0,0
5553957443,12/5/2016,3121,741,8,222,55539574432016-12-5,0,0
5577150313,12/4/2016,8135,3405,86,728,55771503132016-12-4,0,0
5577150313,4/13/2016,5077,2551,15,776,55771503132016-4-13,432,458
5577150313,4/14/2016,8596,4022,118,662,55771503132016-4-14,477,497
5577150313,4/15/2016,12087,4005,115,695,55771503132016-4-15,392,413
5577150313,4/16/2016,14269,4274,184,472,55771503132016-4-16,406,445
5577150313,4/17/2016,12231,4552,200,525,55771503132016-4-17,549,583
5577150313,4/18/2016,9893,3625,114,623,55771503132016-4-18,527,553
5577150313,4/19/2016,12574,3501,108,733,55771503132016-4-19,449,465
5577150313,4/20/2016,8330,3192,87,773,55771503132016-4-20,447,480
5577150313,4/21/2016,10830,4018,110,670,55771503132016-4-21,414,437
5577150313,4/22/2016,9172,3329,62,823,55771503132016-4-22,338,366
5577150313,4/23/2016,7638,3152,24,627,55771503132016-4-23,384,402
5577150313,4/24/2016,15764,4392,210,425,55771503132016-4-24,543,615
5577150313,4/25/2016,6393,3374,61,743,55771503132016-4-25,421,461
5577150313,4/26/2016,5325,3088,38,759,55771503132016-4-26,354,377
5577150313,4/27/2016,6805,3294,63,773,55771503132016-4-27,424,452
5577150313,4/28/2016,9841,3580,99,692,55771503132016-4-28,361,372
5577150313,4/29/2016,7924,3544,97,739,55771503132016-4-29,459,485
5577150313,4/30/2016,12363,4501,207,621,55771503132016-4-30,412,433
5577150313,1/5/2016,13368,4546,194,499,55771503132016-1-5,0,0
5577150313,2/5/2016,7439,3014,37,732,55771503132016-2-5,0,0
5577150313,3/5/2016,11045,3795,97,580,55771503132016-3-5,0,0
5577150313,4/5/2016,5206,2755,25,631,55771503132016-4-5,0,0
5577150313,5/5/2016,7550,3004,45,1153,55771503132016-5-5,74,78
5577150313,6/5/2016,4950,2643,41,1304,55771503132016-6-5,0,0
5577150313,7/5/2016,0,1819,0,1440,55771503132016-7-5,0,0
5577150313,8/5/2016,0,1819,0,1440,55771503132016-8-5,0,0
5577150313,9/5/2016,3421,2489,34,1099,55771503132016-9-5,0,0
5577150313,10/5/2016,8869,3841,104,639,55771503132016-10-5,0,0
5577150313,11/5/2016,4038,1665,45,257,55771503132016-11-5,0,0
6117666160,12/4/2016,0,1496,0,1440,61176661602016-12-4,0,0
6117666160,4/13/2016,0,1496,0,1440,61176661602016-4-13,0,0
6117666160,4/14/2016,0,1496,0,1440,61176661602016-4-14,0,0
6117666160,4/15/2016,14019,2865,0,921,61176661602016-4-15,0,0
6117666160,4/16/2016,14450,2828,7,502,61176661602016-4-16,380,398
6117666160,4/17/2016,7150,2225,0,702,61176661602016-4-17,336,350
6117666160,4/18/2016,5153,2018,0,759,61176661602016-4-18,493,510
6117666160,4/19/2016,11135,2606,0,425,61176661602016-4-19,465,492
6117666160,4/20/2016,10449,2536,26,587,61176661602016-4-20,474,502
6117666160,4/21/2016,19542,4900,11,579,61176661602016-4-21,508,550
6117666160,4/22/2016,8206,2409,0,413,61176661602016-4-22,480,546
6117666160,4/23/2016,11495,2651,0,468,61176661602016-4-23,492,539
6117666160,4/24/2016,7623,2305,0,711,61176661602016-4-24,353,367
6117666160,4/25/2016,0,1497,0,1440,61176661602016-4-25,0,0
6117666160,4/26/2016,9543,2450,0,1077,61176661602016-4-26,0,0
6117666160,4/27/2016,9411,2576,0,417,61176661602016-4-27,542,557
6117666160,4/28/2016,3403,1879,0,758,61176661602016-4-28,393,416
6117666160,4/29/2016,9592,2560,0,479,61176661602016-4-29,600,636
6117666160,4/30/2016,6987,2275,0,1040,61176661602016-4-30,0,0
6117666160,1/5/2016,8915,2361,0,525,61176661602016-1-5,0,0
6117666160,2/5/2016,4933,2044,0,1204,61176661602016-2-5,0,0
6117666160,3/5/2016,0,1496,0,1440,61176661602016-3-5,0,0
6117666160,4/5/2016,2997,1902,0,1279,61176661602016-4-5,0,0
6117666160,5/5/2016,9799,2636,0,479,61176661602016-5-5,392,415
6117666160,6/5/2016,3365,1838,0,673,61176661602016-6-5,0,0
6117666160,7/5/2016,7336,2469,0,456,61176661602016-7-5,0,0
6117666160,8/5/2016,7328,2250,0,517,61176661602016-8-5,0,0
6117666160,9/5/2016,4477,1248,0,125,61176661602016-9-5,0,0
6290855005,12/4/2016,4562,2560,0,1241,62908550052016-12-4,0,0
6290855005,4/13/2016,7142,2905,0,1090,62908550052016-4-13,0,0
6290855005,4/14/2016,7671,2952,0,1077,62908550052016-4-14,0,0
6290855005,4/15/2016,9501,2896,0,1112,62908550052016-4-15,0,0
6290855005,4/16/2016,8301,2783,0,1182,62908550052016-4-16,0,0
6290855005,4/17/2016,7851,3171,31,1172,62908550052016-4-17,0,0
6290855005,4/18/2016,6885,2766,0,1169,62908550052016-4-18,0,0
6290855005,4/19/2016,7142,2839,0,1119,62908550052016-4-19,0,0
6290855005,4/20/2016,6361,2701,0,1182,62908550052016-4-20,0,0
6290855005,4/21/2016,0,2060,0,1440,62908550052016-4-21,0,0
6290855005,4/22/2016,6238,2796,0,1138,62908550052016-4-22,0,0
6290855005,4/23/2016,0,2664,33,1407,62908550052016-4-23,0,0
6290855005,4/24/2016,5896,2703,0,1182,62908550052016-4-24,0,0
6290855005,4/25/2016,7802,2771,8,1180,62908550052016-4-25,0,0
6290855005,4/26/2016,0,2060,0,1440,62908550052016-4-26,0,0
6290855005,4/27/2016,5565,2743,0,1153,62908550052016-4-27,0,0
6290855005,4/28/2016,5731,2687,0,1185,62908550052016-4-28,0,0
6290855005,4/29/2016,0,2060,0,1440,62908550052016-4-29,0,0
6290855005,4/30/2016,6744,2843,0,1116,62908550052016-4-30,0,0
6290855005,1/5/2016,9837,3327,8,1055,62908550052016-1-5,0,0
6290855005,2/5/2016,6781,2725,0,1172,62908550052016-2-5,0,0
6290855005,3/5/2016,6047,2671,0,1200,62908550052016-3-5,0,0
6290855005,4/5/2016,5832,2718,0,1168,62908550052016-4-5,0,0
6290855005,5/5/2016,6339,2682,0,1201,62908550052016-5-5,0,0
6290855005,6/5/2016,6116,2806,0,1135,62908550052016-6-5,0,0
6290855005,7/5/2016,5510,2613,0,1213,62908550052016-7-5,0,0
6290855005,8/5/2016,7706,2712,0,1189,62908550052016-8-5,0,0
6290855005,9/5/2016,6277,2175,0,800,62908550052016-9-5,0,0
6290855005,10/5/2016,0,0,0,1440,62908550052016-10-5,0,0
6775888955,12/4/2016,0,1841,0,1440,67758889552016-12-4,0,0
6775888955,4/13/2016,4053,2400,17,1053,67758889552016-4-13,235,260
6775888955,4/14/2016,5162,2507,14,863,67758889552016-4-14,423,441
6775888955,4/15/2016,1282,2127,0,976,67758889552016-4-15,391,406
6775888955,4/16/2016,4732,2225,36,1377,67758889552016-4-16,0,0
6775888955,4/17/2016,2497,2067,5,1392,67758889552016-4-17,0,0
6775888955,4/18/2016,8294,2798,30,1233,67758889552016-4-18,0,0
6775888955,4/19/2016,0,1841,0,1440,67758889552016-4-19,0,0
6775888955,4/20/2016,10771,3727,70,1079,67758889552016-4-20,0,0
6775888955,4/21/2016,0,1841,0,1440,67758889552016-4-21,0,0
6775888955,4/22/2016,637,1922,0,1420,67758889552016-4-22,0,0
6775888955,4/23/2016,0,1841,0,1440,67758889552016-4-23,0,0
6775888955,4/24/2016,2153,2053,11,1400,67758889552016-4-24,0,0
6775888955,4/25/2016,6474,2484,33,1302,67758889552016-4-25,0,0
6775888955,4/26/2016,7091,2584,42,1321,67758889552016-4-26,0,0
6775888955,4/27/2016,0,1841,0,1440,67758889552016-4-27,0,0
6775888955,4/28/2016,703,1993,2,1410,67758889552016-4-28,0,0
6775888955,4/29/2016,0,1841,0,1440,67758889552016-4-29,0,0
6775888955,4/30/2016,2503,2280,3,1344,67758889552016-4-30,0,0
6775888955,1/5/2016,2487,2319,9,1347,67758889552016-1-5,0,0
6775888955,2/5/2016,0,1841,0,1440,67758889552016-2-5,0,0
6775888955,3/5/2016,9,1843,0,1439,67758889552016-3-5,0,0
6775888955,4/5/2016,0,1841,0,1440,67758889552016-4-5,0,0
6775888955,5/5/2016,0,1841,0,1440,67758889552016-5-5,0,0
6775888955,6/5/2016,4697,2496,12,1318,67758889552016-6-5,0,0
6775888955,7/5/2016,1967,1032,2,551,67758889552016-7-5,0,0
6962181067,12/4/2016,10199,1994,50,796,69621810672016-12-4,0,0
6962181067,4/13/2016,5652,1718,8,548,69621810672016-4-13,630,679
6962181067,4/14/2016,1551,1466,0,862,69621810672016-4-14,508,535
6962181067,4/15/2016,5563,1756,0,837,69621810672016-4-15,370,386
6962181067,4/16/2016,13217,2173,50,741,69621810672016-4-16,357,366
6962181067,4/17/2016,10145,2027,5,634,69621810672016-4-17,427,446
6962181067,4/18/2016,11404,2039,13,689,69621810672016-4-18,442,458
6962181067,4/19/2016,10742,2046,35,659,69621810672016-4-19,476,535
6962181067,4/20/2016,13928,2174,48,639,69621810672016-4-20,418,424
6962181067,4/21/2016,11835,2179,53,708,69621810672016-4-21,451,457
6962181067,4/22/2016,10725,2086,30,659,69621810672016-4-22,425,435
6962181067,4/23/2016,20031,2571,58,484,69621810672016-4-23,528,546
6962181067,4/24/2016,5029,1705,0,720,69621810672016-4-24,511,514
6962181067,4/25/2016,13239,2194,35,637,69621810672016-4-25,400,415
6962181067,4/26/2016,10433,2012,36,680,69621810672016-4-26,441,446
6962181067,4/27/2016,10320,2034,7,697,69621810672016-4-27,455,467
6962181067,4/28/2016,12627,2182,38,621,69621810672016-4-28,440,453
6962181067,4/29/2016,10762,2254,12,645,69621810672016-4-29,433,447
6962181067,4/30/2016,10081,2002,32,731,69621810672016-4-30,422,424
6962181067,1/5/2016,5454,1740,0,722,69621810672016-1-5,0,0
6962181067,2/5/2016,12912,2162,18,655,69621810672016-2-5,0,0
6962181067,3/5/2016,12109,2072,21,654,69621810672016-3-5,0,0
6962181067,4/5/2016,10147,2086,15,683,69621810672016-4-5,0,0
6962181067,5/5/2016,10524,2066,14,591,69621810672016-5-5,467,491
6962181067,6/5/2016,5908,1850,0,717,69621810672016-6-5,0,0
6962181067,7/5/2016,6815,1947,0,745,69621810672016-7-5,0,0
6962181067,8/5/2016,4188,1659,0,709,69621810672016-8-5,0,0
6962181067,9/5/2016,12342,2105,43,607,69621810672016-9-5,0,0
6962181067,10/5/2016,15448,2361,62,626,69621810672016-10-5,0,0
6962181067,11/5/2016,6722,1855,24,709,69621810672016-11-5,0,0
6962181067,12/5/2016,3587,928,0,127,69621810672016-12-5,0,0
7007744171,12/4/2016,14172,2937,53,1024,70077441712016-12-4,0,0
7007744171,4/13/2016,12862,2742,56,1101,70077441712016-4-13,0,0
7007744171,4/14/2016,11179,2668,34,1096,70077441712016-4-14,0,0
7007744171,4/15/2016,5273,2098,0,1238,70077441712016-4-15,0,0
7007744171,4/16/2016,4631,2076,0,1155,70077441712016-4-16,79,82
7007744171,4/17/2016,8059,2383,0,1135,70077441712016-4-17,0,0
7007744171,4/18/2016,14816,2832,48,1077,70077441712016-4-18,0,0
7007744171,4/19/2016,14194,2812,53,1066,70077441712016-4-19,0,0
7007744171,4/20/2016,15566,3096,60,1000,70077441712016-4-20,0,0
7007744171,4/21/2016,13744,2763,30,1049,70077441712016-4-21,0,0
7007744171,4/22/2016,15299,2889,64,1065,70077441712016-4-22,0,0
7007744171,4/23/2016,8093,2284,2,1190,70077441712016-4-23,0,0
7007744171,4/24/2016,11085,2667,0,1021,70077441712016-4-24,0,0
7007744171,4/25/2016,18229,3055,51,986,70077441712016-4-25,0,0
7007744171,4/26/2016,15090,2939,16,978,70077441712016-4-26,0,0
7007744171,4/27/2016,13541,2830,50,1041,70077441712016-4-27,0,0
7007744171,4/28/2016,15128,2836,16,1007,70077441712016-4-28,0,0
7007744171,4/29/2016,20067,3180,55,961,70077441712016-4-29,0,0
7007744171,4/30/2016,3761,2051,0,1240,70077441712016-4-30,0,0
7007744171,1/5/2016,5600,2225,0,1142,70077441712016-1-5,0,0
7007744171,2/5/2016,13041,2642,64,1112,70077441712016-2-5,0,0
7007744171,3/5/2016,14510,2976,58,1021,70077441712016-3-5,0,0
7007744171,4/5/2016,0,1557,0,1440,70077441712016-4-5,0,0
7007744171,5/5/2016,15010,2933,53,1047,70077441712016-5-5,0,0
7007744171,6/5/2016,11459,2553,44,1136,70077441712016-6-5,0,0
7007744171,7/5/2016,0,120,0,111,70077441712016-7-5,0,0
7086361926,12/4/2016,11317,2772,59,745,70863619262016-12-4,0,0
7086361926,4/13/2016,5813,2516,31,744,70863619262016-4-13,451,465
7086361926,4/14/2016,9123,2734,35,787,70863619262016-4-14,472,476
7086361926,4/15/2016,8585,2395,30,864,70863619262016-4-15,377,386
7086361926,4/16/2016,31,1635,0,1437,70863619262016-4-16,0,0
7086361926,4/17/2016,0,1629,0,1440,70863619262016-4-17,0,0
7086361926,4/18/2016,9827,2743,61,1136,70863619262016-4-18,0,0
7086361926,4/19/2016,10688,2944,67,671,70863619262016-4-19,472,483
7086361926,4/20/2016,14365,2997,87,797,70863619262016-4-20,492,502
7086361926,4/21/2016,9469,2463,19,758,70863619262016-4-21,390,411
7086361926,4/22/2016,9753,2846,58,762,70863619262016-4-22,428,448
7086361926,4/23/2016,2817,1965,0,1350,70863619262016-4-23,0,0
7086361926,4/24/2016,3520,2049,0,566,70863619262016-4-24,681,704
7086361926,4/25/2016,10091,2752,69,706,70863619262016-4-25,446,447
7086361926,4/26/2016,10387,2781,70,726,70863619262016-4-26,485,500
7086361926,4/27/2016,11107,2693,55,829,70863619262016-4-27,469,479
7086361926,4/28/2016,11584,2862,54,810,70863619262016-4-28,354,367
7086361926,4/29/2016,7881,2616,24,1198,70863619262016-4-29,0,0
7086361926,4/30/2016,14560,2995,42,584,70863619262016-4-30,485,489
7086361926,1/5/2016,12390,2730,30,685,70863619262016-1-5,0,0
7086361926,2/5/2016,10052,2754,66,737,70863619262016-2-5,0,0
7086361926,3/5/2016,10288,2754,57,761,70863619262016-3-5,0,0
7086361926,4/5/2016,10988,2655,45,843,70863619262016-4-5,0,0
7086361926,5/5/2016,8564,2386,24,1253,70863619262016-5-5,0,0
7086361926,6/5/2016,12461,2924,84,834,70863619262016-6-5,0,0
7086361926,7/5/2016,12827,2739,20,621,70863619262016-7-5,0,0
7086361926,8/5/2016,10677,2534,32,695,70863619262016-8-5,0,0
7086361926,9/5/2016,13566,2960,67,743,70863619262016-9-5,0,0
7086361926,10/5/2016,14433,2800,72,1182,70863619262016-10-5,0,0
7086361926,11/5/2016,9572,2735,57,757,70863619262016-11-5,0,0
7086361926,12/5/2016,3789,1199,5,343,70863619262016-12-5,0,0
8053475328,12/4/2016,18060,3186,116,1193,80534753282016-12-4,0,0
8053475328,4/13/2016,16433,3140,95,1177,80534753282016-4-13,0,0
8053475328,4/14/2016,20159,3411,119,1123,80534753282016-4-14,0,0
8053475328,4/15/2016,20669,3410,132,1142,80534753282016-4-15,0,0
8053475328,4/16/2016,14549,2867,96,1255,80534753282016-4-16,0,0
8053475328,4/17/2016,18827,3213,111,1113,80534753282016-4-17,0,0
8053475328,4/18/2016,17076,3133,102,1137,80534753282016-4-18,0,0
8053475328,4/19/2016,15929,3114,90,1152,80534753282016-4-19,0,0
8053475328,4/20/2016,15108,3043,89,695,80534753282016-4-20,486,493
8053475328,4/21/2016,16057,3103,100,1164,80534753282016-4-21,0,0
8053475328,4/22/2016,10520,2655,60,1260,80534753282016-4-22,0,0
8053475328,4/23/2016,22359,3554,125,741,80534753282016-4-23,331,337
8053475328,4/24/2016,22988,3577,129,1096,80534753282016-4-24,0,0
8053475328,4/25/2016,20500,3403,118,1104,80534753282016-4-25,0,0
8053475328,4/26/2016,12685,2846,68,1182,80534753282016-4-26,0,0
8053475328,4/27/2016,12422,2852,60,1187,80534753282016-4-27,0,0
8053475328,4/28/2016,15447,3062,90,1188,80534753282016-4-28,0,0
8053475328,4/29/2016,12315,2794,58,1215,80534753282016-4-29,0,0
8053475328,4/30/2016,7135,2408,27,1281,80534753282016-4-30,0,0
8053475328,1/5/2016,1170,1886,0,1389,80534753282016-1-5,0,0
8053475328,2/5/2016,1969,1988,0,1345,80534753282016-2-5,0,0
8053475328,3/5/2016,15484,3023,87,1166,80534753282016-3-5,0,0
8053475328,4/5/2016,14581,2918,89,1220,80534753282016-4-5,0,0
8053475328,5/5/2016,14990,2950,93,1208,80534753282016-5-5,0,0
8053475328,6/5/2016,13953,2859,90,1245,80534753282016-6-5,0,0
8053475328,7/5/2016,19769,3331,121,1076,80534753282016-7-5,0,0
8053475328,8/5/2016,22026,3589,125,1073,80534753282016-8-5,0,0
8053475328,9/5/2016,12465,2765,66,1214,80534753282016-9-5,0,0
8053475328,10/5/2016,14810,2926,96,1219,80534753282016-10-5,0,0
8053475328,11/5/2016,12209,2809,60,1189,80534753282016-11-5,0,0
8053475328,12/5/2016,4998,1505,28,839,80534753282016-12-5,0,0
8253242879,12/4/2016,9033,2044,40,1244,82532428792016-12-4,0,0
8253242879,4/13/2016,8053,1935,35,1298,82532428792016-4-13,0,0
8253242879,4/14/2016,5234,1705,29,1362,82532428792016-4-14,0,0
8253242879,4/15/2016,2672,1632,0,1335,82532428792016-4-15,0,0
8253242879,4/16/2016,9256,1880,6,1268,82532428792016-4-16,0,0
8253242879,4/17/2016,10204,2112,41,1237,82532428792016-4-17,0,0
8253242879,4/18/2016,5151,1829,16,1278,82532428792016-4-18,0,0
8253242879,4/19/2016,4212,1763,0,1276,82532428792016-4-19,0,0
8253242879,4/20/2016,6466,1931,5,1201,82532428792016-4-20,0,0
8253242879,4/21/2016,11268,2218,49,1199,82532428792016-4-21,0,0
8253242879,4/22/2016,2824,1651,0,1320,82532428792016-4-22,0,0
8253242879,4/23/2016,9282,2132,30,1193,82532428792016-4-23,0,0
8253242879,4/24/2016,8905,1976,41,1313,82532428792016-4-24,0,0
8253242879,4/25/2016,6829,1909,7,1261,82532428792016-4-25,0,0
8253242879,4/26/2016,4562,1813,19,1299,82532428792016-4-26,0,0
8253242879,4/27/2016,10232,2008,45,1286,82532428792016-4-27,0,0
8253242879,4/28/2016,2718,1580,11,1393,82532428792016-4-28,0,0
8253242879,4/29/2016,6260,1854,16,1257,82532428792016-4-29,0,0
8253242879,4/30/2016,0,0,0,1440,82532428792016-4-30,0,0
8378563200,12/4/2016,7626,3635,65,723,83785632002016-12-4,0,0
8378563200,4/13/2016,12386,4079,116,680,83785632002016-4-13,447,487
8378563200,4/14/2016,13318,4163,123,699,83785632002016-4-14,424,455
8378563200,4/15/2016,14461,3666,60,729,83785632002016-4-15,513,533
8378563200,4/16/2016,11207,3363,64,563,83785632002016-4-16,611,689
8378563200,4/17/2016,2132,2572,0,599,83785632002016-4-17,525,591
8378563200,4/18/2016,13630,4157,117,720,83785632002016-4-18,398,451
8378563200,4/19/2016,13070,4092,120,737,83785632002016-4-19,387,421
8378563200,4/20/2016,9388,3787,82,763,83785632002016-4-20,381,409
8378563200,4/21/2016,15148,4236,137,677,83785632002016-4-21,396,417
8378563200,4/22/2016,12200,4044,113,769,83785632002016-4-22,441,469
8378563200,4/23/2016,5709,2908,19,740,83785632002016-4-23,565,591
8378563200,4/24/2016,3703,2741,0,734,83785632002016-4-24,458,492
8378563200,4/25/2016,12405,4005,117,692,83785632002016-4-25,388,402
8378563200,4/26/2016,16208,3763,90,593,83785632002016-4-26,550,584
8378563200,4/27/2016,7359,3061,4,676,83785632002016-4-27,531,600
8378563200,4/28/2016,5417,2884,11,711,83785632002016-4-28,506,556
8378563200,4/29/2016,6175,2982,3,767,83785632002016-4-29,527,562
8378563200,4/30/2016,2946,2660,0,780,83785632002016-4-30,468,555
8378563200,1/5/2016,11419,3369,71,669,83785632002016-1-5,0,0
8378563200,2/5/2016,6064,3491,63,802,83785632002016-2-5,0,0
8378563200,3/5/2016,8712,3784,71,822,83785632002016-3-5,0,0
8378563200,4/5/2016,7875,3110,19,680,83785632002016-4-5,0,0
8378563200,5/5/2016,8567,3783,66,764,83785632002016-5-5,381,417
8378563200,6/5/2016,7045,3644,74,831,83785632002016-6-5,0,0
8378563200,7/5/2016,4468,2799,0,851,83785632002016-7-5,0,0
8378563200,8/5/2016,2943,2685,0,621,83785632002016-8-5,0,0
8378563200,9/5/2016,8382,3721,71,772,83785632002016-9-5,0,0
8378563200,10/5/2016,6582,3586,63,840,83785632002016-10-5,0,0
8378563200,11/5/2016,9143,3788,72,763,83785632002016-11-5,0,0
8378563200,12/5/2016,4561,1976,8,433,83785632002016-12-5,0,0
8583815059,12/4/2016,5014,2650,0,1237,85838150592016-12-4,0,0
8583815059,4/13/2016,5571,2654,2,1252,85838150592016-4-13,0,0
8583815059,4/14/2016,3135,2443,0,1306,85838150592016-4-14,0,0
8583815059,4/15/2016,3430,2505,0,1375,85838150592016-4-15,0,0
8583815059,4/16/2016,5319,2693,0,1440,85838150592016-4-16,0,0
8583815059,4/17/2016,3008,2439,0,1440,85838150592016-4-17,0,0
8583815059,4/18/2016,3864,2536,4,1309,85838150592016-4-18,0,0
8583815059,4/19/2016,5697,2668,7,1257,85838150592016-4-19,0,0
8583815059,4/20/2016,5273,2647,0,1246,85838150592016-4-20,0,0
8583815059,4/21/2016,8538,2883,35,1229,85838150592016-4-21,0,0
8583815059,4/22/2016,8687,2944,4,1170,85838150592016-4-22,0,0
8583815059,4/23/2016,9423,3012,7,1151,85838150592016-4-23,0,0
8583815059,4/24/2016,8286,2889,2,1188,85838150592016-4-24,0,0
8583815059,4/25/2016,4503,2547,18,1294,85838150592016-4-25,0,0
8583815059,4/26/2016,10499,3093,1,1134,85838150592016-4-26,0,0
8583815059,4/27/2016,12474,3142,77,1229,85838150592016-4-27,0,0
8583815059,4/28/2016,6174,2757,0,1209,85838150592016-4-28,0,0
8583815059,4/29/2016,15168,3513,46,1069,85838150592016-4-29,0,0
8583815059,4/30/2016,10085,3164,2,1093,85838150592016-4-30,0,0
8583815059,1/5/2016,4512,2596,10,1311,85838150592016-1-5,0,0
8583815059,2/5/2016,8469,2894,0,1440,85838150592016-2-5,0,0
8583815059,3/5/2016,12015,3212,0,1440,85838150592016-3-5,0,0
8583815059,4/5/2016,3588,2516,0,1440,85838150592016-4-5,0,0
8583815059,5/5/2016,12427,3266,0,1370,85838150592016-5-5,0,0
8583815059,6/5/2016,5843,2683,2,1250,85838150592016-6-5,0,0
8583815059,7/5/2016,6117,2810,0,1190,85838150592016-7-5,0,0
8583815059,8/5/2016,9217,2940,3,1183,85838150592016-8-5,0,0
8583815059,9/5/2016,9877,2947,66,1260,85838150592016-9-5,0,0
8583815059,10/5/2016,8240,2846,9,1226,85838150592016-10-5,0,0
8583815059,11/5/2016,8701,2804,5,1106,85838150592016-11-5,0,0
8583815059,12/5/2016,0,0,0,1440,85838150592016-12-5,0,0
8792009665,12/4/2016,2564,2044,0,831,87920096652016-12-4,0,0
8792009665,4/13/2016,1320,1934,0,806,87920096652016-4-13,531,552
8792009665,4/14/2016,1219,1963,0,853,87920096652016-4-14,486,503
8792009665,4/15/2016,2483,2009,0,937,87920096652016-4-15,363,377
8792009665,4/16/2016,244,1721,0,1428,87920096652016-4-16,0,0
8792009665,4/17/2016,0,1688,0,1440,87920096652016-4-17,0,0
8792009665,4/18/2016,0,1688,0,1440,87920096652016-4-18,0,0
8792009665,4/19/2016,0,1688,0,1440,87920096652016-4-19,0,0
8792009665,4/20/2016,3147,2188,0,744,87920096652016-4-20,528,547
8792009665,4/21/2016,144,1720,0,1431,87920096652016-4-21,0,0
8792009665,4/22/2016,4068,2419,1,817,87920096652016-4-22,391,407
8792009665,4/23/2016,5245,2748,8,795,87920096652016-4-23,339,360
8792009665,4/24/2016,400,1799,3,1410,87920096652016-4-24,0,0
8792009665,4/25/2016,0,1688,0,1440,87920096652016-4-25,0,0
8792009665,4/26/2016,1321,1928,0,1360,87920096652016-4-26,0,0
8792009665,4/27/2016,1758,2067,0,900,87920096652016-4-27,423,428
8792009665,4/28/2016,6157,2780,0,714,87920096652016-4-28,402,416
8792009665,4/29/2016,8360,3101,6,634,87920096652016-4-29,398,406
8792009665,4/30/2016,7174,2896,10,749,87920096652016-4-30,343,360
8792009665,1/5/2016,1619,1962,0,834,87920096652016-1-5,0,0
8792009665,2/5/2016,1831,2015,0,916,87920096652016-2-5,0,0
8792009665,3/5/2016,2421,2297,0,739,87920096652016-3-5,0,0
8792009665,4/5/2016,2283,2067,0,848,87920096652016-4-5,0,0
8792009665,5/5/2016,0,1688,0,1440,87920096652016-5-5,0,0
8792009665,6/5/2016,0,1688,0,1440,87920096652016-6-5,0,0
8792009665,7/5/2016,0,1688,0,1440,87920096652016-7-5,0,0
8792009665,8/5/2016,0,1688,0,1440,87920096652016-8-5,0,0
8792009665,9/5/2016,0,1688,0,1440,87920096652016-9-5,0,0
8792009665,10/5/2016,0,57,0,48,87920096652016-10-5,0,0
8877689391,12/4/2016,23186,3921,85,1036,88776893912016-12-4,0,0
8877689391,4/13/2016,15337,3566,108,1098,88776893912016-4-13,0,0
8877689391,4/14/2016,21129,3793,68,1061,88776893912016-4-14,0,0
8877689391,4/15/2016,13422,3934,106,1052,88776893912016-4-15,0,0
8877689391,4/16/2016,29326,4547,94,888,88776893912016-4-16,0,0
8877689391,4/17/2016,15118,3545,58,1060,88776893912016-4-17,0,0
8877689391,4/18/2016,11423,2761,29,1215,88776893912016-4-18,0,0
8877689391,4/19/2016,18785,3676,82,1131,88776893912016-4-19,0,0
8877689391,4/20/2016,19948,3679,73,1123,88776893912016-4-20,0,0
8877689391,4/21/2016,19377,3659,82,1119,88776893912016-4-21,0,0
8877689391,4/22/2016,18258,3427,61,1141,88776893912016-4-22,0,0
8877689391,4/23/2016,11200,3891,102,1032,88776893912016-4-23,0,0
8877689391,4/24/2016,16674,3455,64,1148,88776893912016-4-24,0,0
8877689391,4/25/2016,12986,3802,113,1101,88776893912016-4-25,0,0
8877689391,4/26/2016,11101,2860,22,1157,88776893912016-4-26,0,0
8877689391,4/27/2016,23629,3808,93,1104,88776893912016-4-27,0,0
8877689391,4/28/2016,14890,3060,58,1143,88776893912016-4-28,0,0
8877689391,4/29/2016,9733,2698,18,1207,88776893912016-4-29,0,0
8877689391,4/30/2016,27745,4398,124,1089,88776893912016-4-30,0,0
8877689391,1/5/2016,10930,2786,36,1226,88776893912016-1-5,0,0
8877689391,2/5/2016,4790,2189,0,1335,88776893912016-2-5,0,0
8877689391,3/5/2016,10818,2817,19,1189,88776893912016-3-5,0,0
8877689391,4/5/2016,18193,3477,66,1154,88776893912016-4-5,0,0
8877689391,5/5/2016,14055,3052,67,1170,88776893912016-5-5,0,0
8877689391,6/5/2016,21727,4015,96,1095,88776893912016-6-5,0,0
8877689391,7/5/2016,12332,4142,105,1036,88776893912016-7-5,0,0
8877689391,8/5/2016,10686,2847,17,1174,88776893912016-8-5,0,0
8877689391,9/5/2016,20226,3710,73,1131,88776893912016-9-5,0,0
8877689391,10/5/2016,10733,2832,18,1187,88776893912016-10-5,0,0
8877689391,11/5/2016,21420,3832,88,1127,88776893912016-11-5,0,0
8877689391,12/5/2016,8064,1849,23,770,88776893912016-12-5,0,0